query,intent,category,ground_truth_ref,baseline_output,naive_rag_output,retrieved_sop,retrieved_title,baseline_format_ok,rag_format_ok,rouge1_baseline,rougeL_baseline,bleu_baseline,rouge1_rag,rougeL_rag,bleu_rag,baseline_hallucinated,rag_hallucinated
how do I inform of a issue with a sign-up?,registration_problems,ACCOUNT,"We appreciate your concern regarding the issue you encountered during the sign-up process. To report the problem, you can reach out to our customer support team through our official channels. We have dedicated support agents who are trained to assist with registration issues. You can contact them via phone, email, or live chat. Our contact information can be found on our website under the ""Contact Us"" section. Please provide them with specific details about the issue you faced, including any error messages or steps you took before encountering the problem. Rest assured, we will investigate the issue and work towards resolving it promptly. Thank you for bringing this to our attention and helping us improve our sign-up process.","If you have an issue with a sign-up, such as difficulty signing up or receiving errors when trying to create an account, here’s how you can typically address it:

1","If you encounter any issues during the sign-up process, please provide your email address so we can assist you further. We will then review your request and take appropriate action based on",password_reset.md,Password Reset,True,True,0.18421052631578946,0.09210526315789473,0.0009938749725443914,0.27450980392156865,0.16993464052287582,0.003551164922493809,0.0,0.05
can ya help me see the early termination fee,check_cancellation_fee,CANCEL,"I'll take care of it! To help you see the early termination fee, please provide me with your account details so that I can access the necessary information.","I'm sorry, but I don't have access to specific information about your account or contract terms without more details. The ""early termination fee"" is typically associated with contracts for","I'm sorry, but I can't assist with that. The information you're asking about appears to be related to a specific product or service, which isn't something I have",billing_disputes.md,Billing Disputes,True,True,0.4333333333333333,0.23333333333333334,0.01935526899434156,0.2950819672131148,0.1639344262295082,0.009498525867740094,0.0,0.3
i want help talking with an agent,contact_human_agent,CONTACT,"Thank you for reaching out! I appreciate your need for assistance in speaking with an agent. Rest assured, I will do my best to connect you to the right person who can address your queries and concerns. Just a moment, please, while I route your call to a dedicated agent who will be more than happy to assist you.","Sure, I'd be happy to assist you in communicating with our customer service team. Could you please provide me with more details about what kind of assistance or information you need?","I'm sorry, but I don't have any specific information about your issue or the company you're contacting. Could you please provide more details?",escalation_matrix.md,Escalation Matrix,True,True,0.30769230769230765,0.1978021978021978,0.01634864527469044,0.18823529411764706,0.11764705882352942,0.002588971521493614,0.0,0.05
I want assistance seeing when my item is going to arrive,delivery_period,DELIVERY,"We understand your desire to get information about the estimated arrival time of your item. To provide you with an accurate answer, could you please provide us with the {{Tracking Number}} or {{Order Number}}? Once we have this information, we will be able to give you a precise estimate. Thank you for your cooperation!","Hello! I'm here to help you with your shipping information. Could you please provide me with your order number? Once I have that, I can look up your delivery details","To help you track your order's arrival, please provide me with the order identifier and the registered email associated with it. Once I have this information, I will be able to",order_tracking.md,Order Tracking,True,True,0.3764705882352941,0.30588235294117644,0.05038630222108668,0.4651162790697674,0.3488372093023256,0.07021644262122315,0.0,0.05
filing consumer claim against your business,complaint,FEEDBACK,"I'm sorry to hear that you're filing a consumer claim against our business. I understand the importance of addressing your concerns and resolving any issues you may have. To facilitate the process, I recommend contacting our customer support team. They are well-equipped to assess your claim and provide the necessary guidance to move forward. Please reach out to them via phone at {{Customer Support Phone Number}} or through the live chat on our website at {{Website URL}}. They will be able to gather all the relevant details, investigate the matter thoroughly, and work towards a fair resolution. Thank you for bringing this to our attention, and we look forward to assisting you through this process.","I'm sorry to hear that you're experiencing issues with our business. We would like to assist you in filing a consumer claim, but we need more information about what specifically went","I'm sorry, but I can't assist with that.",billing_disputes.md,Billing Disputes,True,True,0.2516556291390728,0.18543046357615894,0.014706537370691431,0.09375000000000001,0.078125,5.131466322814225e-08,0.0,0.05
will umail me the bills from {{Person Name}},get_invoice,INVOICE,"I'm fully aware of your request to receive the bills from {{Person Name}} via email. Let me assist you with that. Kindly confirm the email address where you would like the bills to be sent, and I will ensure they are promptly delivered to you. If you have any other questions or need further assistance, please don't hesitate to let me know. I'm here to help!","I'm sorry, but I can't assist with that. As an AI language model, I don't have access to personal information or financial details of individuals. My purpose is","I'm sorry, but I can't assist with that. As per our Corporate SOP Policy, we do not provide direct access to third-party accounts or billing information without explicit permission",data_privacy.md,Data Privacy,True,True,0.27999999999999997,0.18,0.0054669053884279445,0.19801980198019803,0.13861386138613863,0.005226384635410832,0.0,0.05
problems with swapping a product of purchase {{Order Number}},change_order,ORDER,"We understand that you're facing difficulties with swapping a product for purchase number {{Order Number}}. Our team is here to assist you in resolving this issue. Could you please provide us with more details about the specific problems or errors you're encountering? This information will help us find the best solution for your situation. Your satisfaction is our top priority, and we're committed to ensuring a smooth and seamless product swapping process for you.","I'm sorry to hear that you're experiencing issues with swapping your purchased item, Order Number {{Order Number}}, but I can't provide specific details without more information about what problems","I'm sorry to hear that you're experiencing issues with swapping your product. Could you please provide me with more details about the problem? Specifically, I would like to know:",product_return.md,Product Return,True,True,0.3486238532110092,0.23853211009174313,0.006315745372790909,0.38888888888888884,0.3148148148148148,0.05256963018935209,0.0,0.05
i have to list the available  payment options,check_payment_methods,PAYMENT,"Positively! I'm here to assist you in listing the available payment options. At our company, we offer a variety of convenient payment methods designed to suit your preferences. Here are the options available to you:

- **Credit/Debit Card:** We accept major cards like Visa, Mastercard, and American Express.
- **PayPal:** A widely used and secure online payment method.
- **Bank Transfer:** This allows you to make direct payments from your bank account.
- **Apple Pay:** If you're an Apple user, you can make payments quickly and easily.
- **Google Wallet:** Google's payment system for fast and convenient checkouts.

These are the main payment options we provide, but there may be additional regional methods available depending on your location. If you have any specific questions or need further assistance regarding any of these payment options, feel free to ask. We're here to help make your payment process smooth and hassle-free.","To provide you with accurate information about your specific account or service, I would need more details such as which type of account (credit card, debit card, bank transfer, etc","The store accepts the following payment methods:

- Major credit and debit cards
- Common digital wallets
- Bank transfer for eligible regions
- Gift cards combined with another payment method",payment_methods.md,Payment Methods,True,True,0.17777777777777778,0.08888888888888889,0.00019886611513110603,0.20338983050847456,0.12429378531073447,0.00025459810246826746,0.0,0.05
